{
  "train": {
    "RMSE": 63.84777086510907,
    "MAE": 47.06544404720423,
    "R2": 0.977455492502298
  },
  "val": {
    "RMSE": 60.266260953965244,
    "MAE": 40.34400735017675,
    "R2": 0.9747758234543004
  },
  "test": {
    "RMSE": 79.19837444996215,
    "MAE": 57.7728093934148,
    "R2": 0.9918854229018541
  },
  "train_time_sec": 0.8975000381469727
}